{"size":{"0":500,"1":1000,"2":1500,"3":2000,"4":2500,"5":3000,"6":3500,"7":4000,"8":4500,"9":4998},"similarity":{"0":0.7111979723,"1":0.7103778124,"2":0.70995152,"3":0.7098040581,"4":0.7097665071,"5":0.7096337676,"6":0.7097253203,"7":0.7096948028,"8":0.7098132372,"9":0.7098132372}}