{
    "size": {
        "0": 0,
        "1": 500,
        "2": 1000,
        "3": 1500,
        "4": 2000,
        "5": 2500,
        "6": 3000,
        "7": 3500,
        "8": 4000,
        "9": 4500,
        "10": 5000
    },
    "similarity": {
        "0": 0.7242574692,
        "1": 0.7251751423,
        "2": 0.7248631716,
        "3": 0.7246861458,
        "4": 0.7250669003,
        "5": 0.7244897485,
        "6": 0.7244293094,
        "7": 0.7243491411,
        "8": 0.7244163156,
        "9": 0.7246028185,
        "10": 0.7246583104
    }
}