{
    "size": {
        "0": 500,
        "1": 1000,
        "2": 1500,
        "3": 2000,
        "4": 2500,
        "5": 3000,
        "6": 3500,
        "7": 4000,
        "8": 4500,
        "9": 4991
    },
    "similarity": {
        "0": 0.7195053101,
        "1": 0.7198530436,
        "2": 0.7190470099,
        "3": 0.7193399668,
        "4": 0.7191237211,
        "5": 0.718706131,
        "6": 0.7187244892,
        "7": 0.7185367942,
        "8": 0.7185458541,
        "9": 0.7185458541
    }
}