{
    "size": {
        "0": 0,
        "1": 500,
        "2": 1000,
        "3": 1500,
        "4": 2000,
        "5": 2500,
        "6": 3000,
        "7": 3500,
        "8": 4000,
        "9": 4500,
        "10": 4737
    },
    "similarity": {
        "0": 0.7253111601,
        "1": 0.7246624827,
        "2": 0.7234119177,
        "3": 0.7233119011,
        "4": 0.7232282162,
        "5": 0.7233741283,
        "6": 0.7231019139,
        "7": 0.7232543826,
        "8": 0.7234918475,
        "9": 0.7233748436,
        "10": 0.7234264016
    }
}