"social_support","conflict","trust","neutral","fun","respect","knowledge","power","similarity_identity","micro avg","macro avg","weighted avg","samples avg","metric"
"0.3770491803278688","0.5251572327044025","0.225","0.469721767594108","0.41935483870967744","0.3618421052631579","0.42","0","0.26865671641791045","0.43420173680694724","0.34075353789079166","0.43721558278742345","0.43420173680694724","precision"
"0.27218934911242604","0.5202492211838006","0.23076923076923078","0.5035087719298246","0.7027027027027027","0.4263565891472868","0.25766871165644173","0","0.32142857142857145","0.43420173680694724","0.35943034977003163","0.43420173680694724","0.43420173680694724","recall"
"0.3161512027491409","0.5226917057902972","0.22784810126582278","0.4860287891617273","0.5252525252525253","0.3914590747330961","0.3193916349809886","0","0.2926829268292683","0.43420173680694724","0.34238955119587405","0.4312088985130894","0.43420173680694724","f1-score"
"169","321","39","570","37","129","163","13","56","1497","1497","1497","1497","support"