"social_support","conflict","trust","neutral","fun","respect","knowledge","power","similarity_identity","micro avg","macro avg","weighted avg","samples avg","metric"
"0.29120879120879123","0.5391566265060241","0.0625","0.46177847113884557","0.40425531914893614","0.375","0.38095238095238093","0","0.2826086956521739","0.4315297261189045","0.3108289205119058","0.4202996414376299","0.4315297261189045","precision"
"0.3136094674556213","0.557632398753894","0.02564102564102564","0.519298245614035","0.5135135135135135","0.3488372093023256","0.24539877300613497","0","0.23214285714285715","0.4315297261189045","0.3062303878254897","0.4315297261189044","0.4315297261189045","recall"
"0.301994301994302","0.5482388973966309","0.03636363636363637","0.48885218827415355","0.4523809523809524","0.3614457831325302","0.29850746268656714","0","0.2549019607843137","0.4315297261189045","0.30474279811256516","0.4231005208549289","0.4315297261189045","f1-score"
"169","321","39","570","37","129","163","13","56","1497","1497","1497","1497","support"