"social_support","conflict","trust","neutral","fun","respect","knowledge","power","similarity_identity","micro avg","macro avg","weighted avg","samples avg","metric"
"0.3018867924528302","0.5148809523809523","0.24242424242424243","0.4665523156089194","0.44680851063829785","0.34532374100719426","0.3163841807909605","0","0.2222222222222222","0.4181696726786907","0.31738699528062436","0.4120098613142015","0.4181696726786907","precision"
"0.1893491124260355","0.5389408099688473","0.20512820512820512","0.47719298245614034","0.5675675675675675","0.37209302325581395","0.34355828220858897","0","0.2857142857142857","0.4181696726786907","0.3310604743028316","0.4181696726786907","0.4181696726786907","recall"
"0.2327272727272727","0.5266362252663621","0.2222222222222222","0.4718126626192541","0.5","0.3582089552238805","0.3294117647058824","0","0.25","0.4181696726786907","0.3212243447516527","0.41308222754308105","0.4181696726786907","f1-score"
"169","321","39","570","37","129","163","13","56","1497","1497","1497","1497","support"