"social_support","conflict","trust","neutral","fun","respect","knowledge","power","similarity_identity","micro avg","macro avg","weighted avg","samples avg","metric"
"0.30994152046783624","0.5112219451371571","0.08695652173913043","0.46178861788617886","0.5185185185185185","0.34615384615384615","0.4125","0","0.2608695652173913","0.43286573146292584","0.32310561501333984","0.4200256545639579","0.43286573146292584","precision"
"0.3136094674556213","0.6386292834890965","0.05128205128205128","0.4982456140350877","0.3783783783783784","0.3488372093023256","0.20245398773006135","0","0.21428571428571427","0.43286573146292584","0.2939690784398152","0.43286573146292584","0.43286573146292584","recall"
"0.31176470588235294","0.5678670360110804","0.06451612903225808","0.4793248945147679","0.4375","0.34749034749034746","0.27160493827160487","0","0.23529411764705882","0.43286573146292584","0.3017069076499411","0.42028503881904605","0.43286573146292584","f1-score"
"169","321","39","570","37","129","163","13","56","1497","1497","1497","1497","support"