{
    "size": {
        "0": 500,
        "1": 1000,
        "2": 1500,
        "3": 2000,
        "4": 2500,
        "5": 3000,
        "6": 3500,
        "7": 4000,
        "8": 4500,
        "9": 5000
    },
    "similarity": {
        "0": 0.7110393643,
        "1": 0.7122145891,
        "2": 0.7126638293,
        "3": 0.7129123807,
        "4": 0.7128875256,
        "5": 0.7125501037,
        "6": 0.7131676674,
        "7": 0.7130655646,
        "8": 0.7133703828,
        "9": 0.7133703828
    }
}