{
    "size": {
        "0": 500,
        "1": 1000,
        "2": 1500,
        "3": 2000,
        "4": 2500,
        "5": 3000,
        "6": 3500,
        "7": 4000,
        "8": 4500,
        "9": 4999
    },
    "similarity": {
        "0": 0.7158302665,
        "1": 0.7172572017,
        "2": 0.7173911333,
        "3": 0.7177041173,
        "4": 0.7176386714,
        "5": 0.717310071,
        "6": 0.7176831961,
        "7": 0.7176567912,
        "8": 0.7176831365,
        "9": 0.7176831365
    }
}